CO2,horse,type
550.27,510,Car
343.88,510,Car
511.93,552,Car
296.63,552,Car
603.49,565,Car
353.09,565,Car
551.4037,420,Car
333.29,420,Car
529.36,430,Car
306.95,430,Car
536.18,568,Car
309.22,568,Car
292,211,Car
199,211,Car
308,211,Car
374,211,Car
365,211,Car
323,211,Car
203,211,Car
368,211,Car
363,211,Car
301,211,Car
314,211,Car
200,211,Car
309,211,Both
338,211,Both
332,211,Both
282,211,Both
189,211,Both
374,333,Both
393,333,Both
233,333,Both
362,333,Both
379,333,Both
488,333,Both
448,333,Both
363,333,Both
391,333,Both
236,333,Both
422,211,Car
343,211,Car
429,211,Car
358,211,Car
219,211,Car
297,240,Both
297,240,Both
297,240,Both
329,240,Both
329,240,Both
329,240,Both
409,240,Both
409,240,Both
409,240,Both
358,240,Both
358,240,Both
358,240,Both
309,240,Both
309,240,Both
309,240,Both
194,240,Both
194,240,Both
194,240,Both
333,240,Both
333,240,Both
333,240,Both
387,272,Both
384,272,Both
475,272,Both
388,272,Both
464,272,Both
396,272,Both
251,272,Both
358,211,Truck
230,211,Truck
229,211,Both
357,211,Both
417,240,Both
417,240,Both
417,240,Both
361,240,Both
361,240,Both
361,240,Both
358,240,Both
358,240,Both
358,240,Both
356,240,Both
356,240,Both
356,240,Both
231,240,Both
231,240,Both
231,240,Both
351,240,Both
351,240,Both
351,240,Both
340,240,Both
340,240,Both
340,240,Both
323,211,Truck
324,211,Truck
382,211,Truck
292,211,Truck
223,211,Truck
458,272,Truck
295,272,Truck
402,240,Truck
402,240,Truck
402,240,Truck
502,240,Truck
502,240,Truck
502,240,Truck
480,240,Truck
480,240,Truck
480,240,Truck
446,240,Truck
446,240,Truck
446,240,Truck
260,240,Truck
260,240,Truck
260,240,Truck
432,240,Truck
432,240,Truck
432,240,Truck
492,240,Truck
492,240,Truck
492,240,Truck
389,240,Truck
389,240,Truck
389,240,Truck
422,240,Truck
422,240,Truck
422,240,Truck
248,240,Truck
248,240,Truck
248,240,Truck
645,525,Car
387,525,Car
479,525,Car
690,525,Car
746,525,Car
737,430,Car
654,430,Car
372,430,Car
460,430,Car
727,430,Car
649,430,Car
355,430,Car
439,430,Car
703,430,Car
728,430,Car
577,525,Car
312,525,Car
425,525,Car
579,525,Car
652,525,Car
577,525,Car
307,525,Car
421,525,Car
640,525,Car
592,525,Car
541,450,Car
483,450,Car
414,450,Car
463,450,Car
307,450,Car
466,450,Car
296,450,Car
395,450,Car
548,450,Car
517,450,Car
467,560,Car
474,560,Car
378,560,Car
572,560,Car
253,560,Car
532,560,Car
286,560,Car
422,560,Car
658,560,Car
526,560,Car
396,333,Both
248,333,Both
356,333,Both
448,333,Both
455,333,Both
376,333,Both
460,333,Both
472,333,Both
401,333,Both
256,333,Both
443,333,Both
266,333,Both
363,333,Both
457,333,Both
460,333,Both
484,420,Car
276,420,Car
375,420,Car
531,420,Car
438,420,Car
491,420,Car
522,420,Car
352,420,Car
424,420,Car
247,420,Car
424,420,Car
241,420,Car
366,211,Car
383,211,Car
210,211,Car
311,211,Car
312,211,Car
365,211,Car
381,211,Car
306,211,Car
204,211,Car
294,211,Car
555,520,Car
624,520,Car
429,520,Car
278,520,Car
511,520,Car
526,520,Car
599,520,Car
384,520,Car
462,520,Car
263,520,Car
510,616,Car
625,616,Car
648,616,Car
617,616,Car
333,616,Car
576,616,Car
485,616,Car
314,616,Car
589,616,Car
303,616,Car
479,616,Car
652,616,Car
703,616,Car
592,616,Car
298,616,Car
465,616,Car
690.22275,505,Car
408.10588,505,Car
558.76453,505,Car
777.17787,505,Car
776.52874,505,Car
290.8360369,181,Both
172.298865,181,Both
298,181,Both
171.77,181,Both
291.76,181,Both
180.39,181,Both
305.08,181,Both
180.24,181,Both
320.03,181,Both
186.01,181,Both
191.34,181,Both
326.22,181,Both
292.05,240,Both
312.03,240,Both
189.51,240,Both
291.04,240,Both
186.34,240,Both
304.85,240,Both
308.62,240,Both
202.86,240,Both
335.65,240,Both
205.61,240,Both
313.69,240,Both
323.97,240,Both
201.71,240,Both
291.87,181,Both
173.83,181,Both
289.964953,181,Both
169.320866,181,Both
315.57,181,Both
180.35,181,Both
299.04,181,Both
180.32,181,Both
311.58,181,Both
178.96,181,Both
298.21,181,Both
181.35,181,Both
184.3283971,181,Both
309.8485824,181,Both
241.11,183,Car
241.11,183,Car
241.11,183,Car
241.11,183,Car
159.21,183,Car
159.21,183,Car
159.21,183,Car
159.21,183,Car
247.97,183,Car
247.97,183,Car
247.97,183,Car
247.97,183,Car
154.67,183,Car
154.67,183,Car
154.67,183,Car
154.67,183,Car
240.2,183,Car
240.2,183,Car
240.2,183,Car
240.2,183,Car
158.15,183,Car
158.15,183,Car
158.15,183,Car
158.15,183,Car
156,183,Car
156,183,Car
156,183,Car
156,183,Car
250.33,183,Car
250.33,183,Car
250.33,183,Car
250.33,183,Car
165.86,183,Car
165.86,183,Car
165.86,183,Car
165.86,183,Car
247.87,183,Car
247.87,183,Car
247.87,183,Car
247.87,183,Car
169.95,183,Car
169.95,183,Car
169.95,183,Car
169.95,183,Car
253.89,183,Car
253.89,183,Car
253.89,183,Car
253.89,183,Car
173.85,183,Car
173.85,183,Car
173.85,183,Car
173.85,183,Car
255.64,183,Car
255.64,183,Car
255.64,183,Car
255.64,183,Car
267.8,183,Car
267.8,183,Car
267.8,183,Car
267.8,183,Car
176.48,183,Car
176.48,183,Car
176.48,183,Car
176.48,183,Car
166.81,183,Car
166.81,183,Car
166.81,183,Car
166.81,183,Car
248.85,183,Car
248.85,183,Car
248.85,183,Car
248.85,183,Car
165.87,183,Car
165.87,183,Car
165.87,183,Car
165.87,183,Car
249.22,183,Car
249.22,183,Car
249.22,183,Car
249.22,183,Car
246.2729224,183,Car
246.2729224,183,Car
246.2729224,183,Car
246.2729224,183,Car
164.0993753,183,Car
164.0993753,183,Car
164.0993753,183,Car
164.0993753,183,Car
164.9278876,183,Car
164.9278876,183,Car
164.9278876,183,Car
164.9278876,183,Car
259.42,183,Car
259.42,183,Car
259.42,183,Car
259.42,183,Car
169.94,183,Car
169.94,183,Car
169.94,183,Car
169.94,183,Car
175.1535785,240,Car
303.5073054,240,Car
177.07,240,Car
296.85,240,Car
304.09,240,Car
172.29,240,Car
306.77,240,Car
173.05,240,Car
291.7086768,241,Car
177.2019934,241,Car
297.9622857,241,Car
176.5914764,241,Car
280.54,241,Car
183.55,241,Car
309.77,241,Car
176.22,241,Car
318.7,241,Car
188.05,241,Car
301.14,241,Car
177.86,241,Car
307.51,241,Car
182.22,241,Car
306.26,240,Car
179.75,240,Car
311.44,240,Car
178.98,240,Car
311.84,240,Car
188.36,240,Car
188.64,240,Car
313.4,240,Car
296.84,241,Car
185.46,241,Car
187.14,241,Car
298.83,241,Car
308.56,241,Car
182.42,241,Car
313.29,241,Car
184.71,241,Car
314.06,240,Car
187.17,240,Car
319.25,240,Car
191.28,240,Car
317.31,240,Car
192.3,240,Car
328.68,240,Car
194.53,240,Car
312.82,241,Both
192.89,241,Both
313.34,241,Both
193.01,241,Both
330.03,181,Both
194.06,181,Both
329.87,181,Both
193.97,181,Both
329.73,181,Both
195.29,181,Both
310.12,181,Both
197.57,181,Both
308.27,181,Both
193.74,181,Both
322.1380716,181,Both
197.1832922,181,Both
338.72,300,Both
206.08,300,Both
338.69,300,Both
209.65,300,Both
307.75,300,Both
190.88,300,Both
309.43,300,Both
189.68,300,Both
310.05,300,Both
194.75,300,Both
305.98,300,Both
335.85,300,Both
193.83,300,Both
332.07,300,Both
193.91,300,Both
352.79,300,Both
224.21,300,Both
353.7,300,Both
222.32,300,Both
213.1906215,300,Both
208.3904609,300,Both
339.265242,300,Both
338.8763017,300,Both
351.6197516,300,Both
211.6153969,300,Both
341.5732327,300,Both
356.0090979,300,Both
211.6183135,300,Both
355.03,300,Both
205.69,300,Both
350.09,300,Both
207,300,Both
369.66,300,Both
206.83,300,Both
309.37,240,Car
178.19,240,Car
180.4173559,240,Car
334.1311732,240,Car
312.82,240,Car
184.55,240,Car
328.05,240,Car
186.85,240,Car
323.42,240,Car
191.71,240,Car
337.68,240,Car
189.66,240,Car
333.22,240,Car
192.29,240,Car
342.98,240,Car
197.98,240,Car
318.73,181,Both
180.4,181,Both
322.16,181,Both
186.87,181,Both
173.9148006,241,Both
281.1368699,241,Both
302.62,241,Both
175.11,241,Both
284.1055776,241,Both
176.9809913,241,Both
311.03,241,Both
179.72,241,Both
300.53,240,Car
172.38,240,Car
173.18,240,Car
312.41,240,Car
173.08,240,Car
309.7,240,Car
182.58,240,Car
321.47,240,Car
183.93,240,Car
302.74,241,Both
187.57,241,Both
319.55,241,Both
183.78,241,Both
307.18,241,Both
191.73,241,Both
321.4,241,Both
190.18,241,Both
308.63,240,Car
308.63,240,Car
184.45,240,Car
184.45,240,Car
321.19,240,Car
321.19,240,Car
184.37,240,Car
184.37,240,Car
314.87,240,Car
314.87,240,Car
188.54,240,Car
188.54,240,Car
327.04,240,Car
327.04,240,Car
189.11,240,Car
189.11,240,Car
342.41,300,Both
199.79,300,Both
342.26,300,Both
198.94,300,Both
350.84,300,Both
206.78,300,Both
356.62,300,Both
199.4,300,Both
357.41,300,Both
212.97,300,Both
332.2,300,Both
196.09,300,Both
357.8711569,300,Both
201.1570794,300,Both
328.13,300,Both
194.16,300,Both
347.07,300,Both
196.74,300,Both
200.1706269,300,Both
339.6815633,300,Both
350.01,300,Both
200.74,300,Both
368.85,300,Both
225.38,300,Both
342.28,300,Both
205.38,300,Both
365.01,300,Both
204.62,300,Both
291.97,241,Car
180.38,241,Car
286.33,241,Car
193.02,241,Car
190.45,241,Car
317.47,241,Car
189.44,241,Car
320.72,241,Car
195.83,241,Car
302.1,241,Car
190.65,241,Car
325.44,241,Car
191.38,241,Car
304.08,255,Car
304.08,255,Car
304.08,255,Car
304.08,255,Car
191.29,255,Car
191.29,255,Car
191.29,255,Car
191.29,255,Car
314.48,255,Car
314.48,255,Car
314.48,255,Car
314.48,255,Car
189.47,255,Car
189.47,255,Car
189.47,255,Car
189.47,255,Car
303.01,255,Car
303.01,255,Car
303.01,255,Car
303.01,255,Car
185.21,255,Car
185.21,255,Car
185.21,255,Car
185.21,255,Car
300.42,255,Car
300.42,255,Car
300.42,255,Car
300.42,255,Car
179.58,255,Car
179.58,255,Car
179.58,255,Car
179.58,255,Car
307.45,255,Car
307.45,255,Car
307.45,255,Car
307.45,255,Car
195.67,255,Car
195.67,255,Car
195.67,255,Car
195.67,255,Car
302.13,255,Car
302.13,255,Car
302.13,255,Car
302.13,255,Car
322.24,255,Car
322.24,255,Car
322.24,255,Car
322.24,255,Car
194.44,255,Car
194.44,255,Car
194.44,255,Car
194.44,255,Car
303.2200016,255,Car
303.2200016,255,Car
303.2200016,255,Car
303.2200016,255,Car
185.3841327,255,Car
185.3841327,255,Car
185.3841327,255,Car
185.3841327,255,Car
307.19,255,Car
307.19,255,Car
307.19,255,Car
307.19,255,Car
196.03,255,Car
196.03,255,Car
196.03,255,Car
196.03,255,Car
336.4,300,Car
208.04,300,Car
337.83,300,Car
213.33,300,Car
362.15,300,Car
214.91,300,Car
383.59,300,Car
215.01,300,Car
329.56,300,Car
201.25,300,Car
216.9896051,300,Car
382.2395438,300,Car
380.8313023,300,Car
222.8229476,300,Car
350.95,300,Car
197.76,300,Car
363.79,300,Car
208.51,300,Car
236.1,300,Car
366.3,300,Car
377.29,300,Car
229.05,300,Car
380.1,300,Car
228.87,300,Car
366.38,300,Car
231.72,300,Car
353.9,300,Car
223.61,300,Car
355.45,300,Car
225.89,300,Car
381.27,300,Car
220.42,300,Car
375.19,300,Car
224.14,300,Car
333.96,300,Car
209.35,300,Car
329.17,300,Car
213.95,300,Car
326.42,300,Car
370.99,300,Car
216.94,300,Car
370.96,300,Car
215.64,300,Car
385.56,300,Car
248.61,300,Car
410.22,300,Car
252.29,300,Car
390.88,300,Car
240.77,300,Car
377.1,300,Car
240.16,300,Car
408.39,443,Car
247.13,443,Car
442.7450313,443,Car
273.0476202,443,Car
250.1390146,443,Car
403.64,443,Car
248.07,443,Car
434.73,443,Car
248.64,443,Car
435.73,448,Car
271.77,448,Car
274.29,448,Car
462.88,448,Car
430.37,448,Car
270.83,448,Car
457.98,448,Car
275.02,448,Car
254.21,443,Car
417.04,443,Car
256.38,443,Car
446.03,443,Car
257.61,443,Car
422.01,443,Car
452.05,443,Car
260.61,443,Car
472.5361654,448,Car
285.0767181,448,Car
465.337435,448,Car
493.4245954,448,Car
285.3426618,448,Car
450.9,448,Car
280.13,448,Car
456.19,448,Car
275.08,448,Car
340.56,300,Car
214.92,300,Car
344.27,300,Car
218.14,300,Car
372.57,300,Car
213.82,300,Car
370.1,300,Car
214.35,300,Car
335.15,300,Car
206.87,300,Car
333.63,300,Car
212.76,300,Car
334.8,300,Car
360.72,300,Car
210.09,300,Car
358.06,300,Car
206.01,300,Car
343.14,300,Car
208.96,300,Car
341.49,300,Car
212.44,300,Car
370.78,300,Car
214.66,300,Car
358.63,300,Car
209.48,300,Car
320.91,300,Car
202.77,300,Car
329.01,300,Car
328.4,300,Car
205.5,300,Car
327.01,300,Car
348.16,300,Car
205.27,300,Car
349.58,300,Car
209.8,300,Car
361.19,300,Car
223.95,300,Car
223.25,300,Car
388.42,300,Car
227.02,300,Car
362.9,300,Car
232.3,300,Car
384.81,300,Car
351.28,300,Car
219.12,300,Car
380.82,300,Car
220.46,300,Car
364.08,300,Car
223.93,300,Car
378.52,300,Car
220.49,300,Car
355,300,Car
219.51,300,Car
385.27,300,Car
222.02,300,Car
217.8994511,300,Car
376.1786993,300,Car
366.58,300,Car
211.99,300,Car
405.25,448,Car
252.2,448,Car
458.13,448,Car
267.9,448,Car
257.3810855,448,Car
420.3248942,448,Car
418.7225,448,Car
256.790705,448,Car
419.082543,448,Car
458.96,448,Car
263.16,448,Car
471.97,448,Car
263.96,448,Car
424.2,448,Car
268.78,448,Car
459.27,448,Car
263.96,448,Car
334.88,255,Car
334.88,255,Car
334.88,255,Car
334.88,255,Car
216.13,255,Car
216.13,255,Car
216.13,255,Car
216.13,255,Car
360.95,255,Car
360.95,255,Car
360.95,255,Car
360.95,255,Car
355.56,255,Car
355.56,255,Car
355.56,255,Car
355.56,255,Car
218.81,255,Car
218.81,255,Car
218.81,255,Car
218.81,255,Car
219.65,300,Car
377.04,300,Car
369.8,300,Car
226.18,300,Car
360.85,300,Car
220.29,300,Car
375.93,300,Car
219.66,300,Car
362.85,300,Car
228.15,300,Car
380.32,300,Car
227.06,300,Car
428.57,448,Car
258.54,448,Car
442.6,448,Car
259.04,448,Car
406.45,448,Car
251.59,448,Car
443.74,448,Car
256.94,448,Car
259.7,448,Car
440.07,448,Car
475.09,448,Car
274.04,448,Car
426.99,448,Car
255.62,448,Car
442.67,448,Car
254.62,448,Car
430.34,448,Car
264.55,448,Car
458.5,448,Car
267.97,448,Car
447.75,448,Car
263.54,448,Car
263.54,448,Car
451.23,448,Car
574.75,535,Car
316.09,535,Car
200.3050615,300,Car
285.3144899,300,Car
262.63,300,Car
184.22,300,Car
351.06,300,Car
391.34,300,Car
325.08889,300,Car
308.87385,300,Car
211.76469,300,Car
211.00119,300,Car
326.8325,300,Car
318.3974551,300,Car
327.44,300,Car
390.36,300,Car
386.75,300,Car
205.12,300,Car
319.35,300,Car
208.07,300,Car
310.71,300,Car
206.88,300,Car
442.29,540,Car
278.67,540,Car
467.79,540,Car
284.22,540,Car
492.9,540,Car
283.56,540,Car
169.44,11,Car
227.82,11,Car
207.88,11,Car
202.6,11,Car
169.81,11,Car
398.92,231,Car
296.88,231,Car
293.84,231,Car
231.2274381,231,Car
192.4388341,231,Car
338.64,300,Both
205.28,300,Both
339.97,300,Both
204.35,300,Both
339.77,300,Both
206.19,300,Both
350.88,300,Both
206.09,300,Both
220.94,300,Both
351.44,300,Both
232.4,300,Both
360.86,300,Both
342.58,300,Both
219.52,300,Both
366.54,300,Both
369.89,300,Both
241.97,300,Both
341.97,300,Both
213.08,300,Both
346.44,300,Both
214.62,300,Both
350.08,300,Both
217.81,300,Both
365.49,300,Both
218.79,300,Both
482.93,425,Car
291.06,425,Car
412.8,425,Car
242.65,425,Car
364.59,425,Car
229.09,425,Car
487.96,425,Car
285.75,425,Car
428.2663595,425,Car
245.2280257,425,Car
236.366618,425,Car
371.4423368,425,Car
485.57,553,Car
294.7,553,Car
450.2,553,Car
274.86,553,Car
602.28,553,Car
351.27,553,Car
496.39,553,Car
295.43,553,Car
446.79,553,Car
273.25,553,Car
610.51,553,Car
354.67,553,Car
395.82,300,Both
239.22,300,Both
282.5,181,Truck
282.5,181,Truck
282.5,181,Truck
282.5,181,Truck
212.54,181,Truck
212.54,181,Truck
212.54,181,Truck
212.54,181,Truck
295.11,181,Truck
295.11,181,Truck
295.11,181,Truck
295.11,181,Truck
210.13,181,Truck
210.13,181,Truck
210.13,181,Truck
210.13,181,Truck
322.65,241,Both
224.65,241,Both
338.22,241,Both
224.8,241,Both
382.5934697,300,Both
246.4232731,300,Both
252.7437892,300,Both
375.4820652,300,Both
381.33,300,Both
230.28,300,Both
380.22,300,Both
242.89,300,Both
241.58,300,Both
390.19,300,Both
250.2012308,300,Both
379.1306399,300,Both
372.9927851,300,Both
241.5423528,300,Both
372.08,300,Both
232.18,300,Both
393.76,300,Both
232.87,300,Both
491.62,567,Truck
330.69,567,Truck
522.35,567,Truck
365.02,300,Truck
232.52,300,Truck
386.52,300,Truck
231.87,300,Truck
326.34,255,Truck
326.34,255,Truck
326.34,255,Truck
326.34,255,Truck
219.79,255,Truck
219.79,255,Truck
219.79,255,Truck
219.79,255,Truck
384.72,255,Truck
384.72,255,Truck
384.72,255,Truck
384.72,255,Truck
366.43,255,Truck
366.43,255,Truck
366.43,255,Truck
366.43,255,Truck
376.89,255,Truck
376.89,255,Truck
376.89,255,Truck
376.89,255,Truck
338.36,255,Truck
338.36,255,Truck
338.36,255,Truck
338.36,255,Truck
220.38,255,Truck
220.38,255,Truck
220.38,255,Truck
220.38,255,Truck
474.6,443,Truck
294.81,443,Truck
501.86,443,Truck
373.51,300,Truck
236.2,300,Truck
236.7764221,300,Truck
398.7159156,300,Truck
243.589217,300,Truck
403.85,300,Truck
253.94,300,Truck
421.37,300,Truck
392.45,300,Truck
248.42,300,Truck
420.99,300,Truck
470.2,443,Truck
297.51,443,Truck
503.03,443,Truck
317.6040369,241,Car
190.6767543,241,Car
315.7339889,241,Car
185.4932276,241,Car
315.89,241,Car
184.61,241,Car
235.78,335,Car
374.05,335,Car
454.03,335,Car
304.74,335,Car
198.4124197,211,Car
295.1562901,211,Car
303.1,208,Car
198.54,208,Car
282.67,211,Car
187.25,211,Car
324.84,214,Car
222.4813426,214,Car
303.98,214,Car
207.03,214,Car
288.67,208,Car
192.08,208,Car
244.47,122,Car
172.6,122,Car
251.55,122,Car
175.72,122,Car
230,122,Car
163.7,122,Car
173.88,122,Car
233.11,122,Car
232.51,134,Car
156.4,134,Car
163.3399949,134,Car
239.0611064,134,Car
170.3531579,134,Car
254.5071058,134,Car
244.0599905,134,Car
167.6045486,134,Car
255.7502525,134,Car
167.528247,134,Car
236.57,134,Car
156.15,134,Car
194.0098079,122,Car
272.4884017,122,Car
189.787774,122,Car
276.0283064,122,Car
250.75,122,Car
173.74,122,Car
176.57,122,Car
238.18,122,Car
245.08,122,Car
169.65,122,Car
210.72,122,Car
275.82,122,Car
194.28,122,Car
258.39,122,Car
268.9,180,Car
186.33,180,Car
266.64,180,Car
187.04,180,Car
258.66,180,Car
180.27,180,Car
256.72,180,Car
176.5,180,Car
190.98,189,Car
262.1027269,189,Car
187.1839312,189,Car
276.6900218,189,Car
292.98,189,Car
183.79,189,Car
265.242842,189,Car
189.603197,189,Car
188.6236741,189,Car
280.0962293,189,Car
301.47,189,Car
194.13,189,Car
276.81,180,Car
192.63,180,Car
266.75,180,Car
176.94,180,Car
257.38,180,Car
175.07,180,Car
267.47,180,Car
183.44,180,Car
195.52,180,Car
273.78,180,Car
195.26,180,Car
261.18,180,Car
206.8516239,180,Car
296.1090042,180,Car
203.25,180,Car
270.97,180,Car
271.9708968,228,Car
207.89401230000001,228,Car
203.7413886,228,Car
275.79,228,Car
194.47,228,Car
305.99,228,Car
205.32,228,Car
885,1200,Car
636,1200,Car
495,1200,Car
999,1200,Car
903,1200,Car
325.32014,237,Car
306.665,237,Car
195.463375,237,Car
310.4171931,237,Car
274.8182762,237,Car
300.71133,184,Both
170.69,184,Both
300.12829,184,Both
168.112,184,Both
289.6457,184,Both
162.443,184,Both
160.968,184,Both
284.79152,184,Both
353.81205,295,Both
193.722,295,Both
192.449,295,Both
372.5937564,295,Both
200.8907203,295,Both
385.4714,295,Both
217.856,295,Both
381.82446,295,Both
218.721,295,Both
359.61655,295,Both
205.242,295,Both
360.84485,295,Both
206.65,295,Both
490.51335,359,Car
271.092,359,Car
273.12,359,Car
485.87842,359,Car
370.22318,292,Car
224.691,292,Car
410.56653,283,Both
250.166,283,Both
413.62589,283,Both
254.34,283,Both
254.483,283,Both
510.55036,470,Car
281.842,470,Car
476.38942,470,Car
256.438,470,Car
448.19372,372,Car
253.891,372,Car
250.826,372,Car
474.54975,370,Car
272.198,370,Car
552.39543,707,Car
451.583,707,Car
319.409,707,Car
551.29889,707,Car
308.268,707,Car
438.965,707,Car
370.3176,292,Car
205.615,292,Car
197.456,292,Car
359.58772,292,Car
475.1244,359,Car
258.709,359,Car
233.399,292,Car
386.03239,292,Car
276.59398,158,Car
276.7576,158,Car
173.885,158,Car
174.537,158,Car
252.42547,160,Car
170.973,160,Car
251.5644,160,Car
170.158,160,Car
275.18603,158,Car
171.526,158,Car
275.79564,158,Car
172.241,158,Car
244.4832,160,Car
156.6,160,Car
156.6,160,Car
244.77624,160,Car
305.42522,184,Both
189.079,184,Both
301.18293,184,Both
188.301,184,Both
311.39393,184,Both
200.783,184,Both
313.72324,184,Both
201.049,184,Both
178.5453801,184,Car
311.2107469,184,Car
308.9534901,184,Car
293.52978,184,Both
179.039,184,Both
302.30642,184,Both
182.341,184,Both
381.31731,290,Truck
243.849,290,Truck
375.10981,290,Truck
238.933,290,Truck
399.00969,290,Truck
258.446,290,Truck
395.03893,290,Truck
256.199,290,Truck
521.0953,360,Truck
286.133,360,Truck
283.127,360,Truck
251.08039,100,Car
182.789,100,Car
282.64718,160,Both
193.197,160,Both
192.2496321,160,Car
291.3358213,160,Car
269.57371,160,Car
190.972,160,Car
270.01731,160,Car
191.085,160,Car
313.90709,160,Both
207.737,160,Both
339.48839,184,Truck
233.278,184,Truck
339.17983,184,Truck
234.108,184,Truck
340.20712,184,Both
211.04,184,Both
252.869,184,Truck
255.018,184,Truck
362.1362386,184,Truck
338.70241,184,Both
224.041,184,Both
333.12217,184,Both
224.901,184,Both
346.99261,271,Both
229.757,271,Both
346.63366,271,Both
228.423,271,Both
387.8945463,271,Both
240.9523569,271,Both
382.3387339,271,Both
206.9866687,184,Both
326.2695587,184,Both
340.35304,271,Both
219.886,271,Both
339.33748,271,Both
217.908,271,Both
324.29538,184,Both
193.09,184,Both
321.68836,184,Both
194.541,184,Both
366.93647,271,Both
243.311,271,Both
367.29376,271,Both
244.28,271,Both
340.22632,172,Truck
236.161,172,Truck
290.1,360,Truck
507.89322,360,Truck
359.7397,172,Truck
359.7397,172,Truck
359.7397,172,Truck
238.769,172,Truck
238.769,172,Truck
238.769,172,Truck
363.5842,172,Truck
363.5842,172,Truck
363.5842,172,Truck
239.86,172,Truck
239.86,172,Truck
239.86,172,Truck
377.9,290,Truck
249,290,Truck
268.2230611,290,Truck
421.9515798,290,Truck
531.4853879,360,Truck
319.9102261,360,Truck
384.45149,172,Truck
384.45149,172,Truck
384.45149,172,Truck
379.14767,172,Truck
379.14767,172,Truck
379.14767,172,Truck
259.406,172,Truck
259.406,172,Truck
259.406,172,Truck
259.268,172,Truck
259.268,172,Truck
259.268,172,Truck
563.07996,470,Truck
343.854,470,Truck
204.215,158,Truck
300.2058,158,Truck
214.56,158,Truck
304.24011,158,Truck
348.88845,172,Truck
277.615,172,Truck
201.8611563,160,Both
290.5048957,160,Both
320.0806735,180,Both
206.2660626,180,Both
302.9025,180,Both
297.09834,180,Both
188.411,180,Both
297.86191,180,Both
188.072,180,Both
276.08782,160,Both
195.021,160,Both
278.0666,160,Both
194.168,160,Both
331.5249654,180,Both
216.1570644,180,Both
218.3723264,180,Both
447.34155,290,Truck
318.829,290,Truck
302.756,290,Truck
426.39295,290,Truck
453.42397,290,Car
309.365,290,Car
429.94932,290,Truck
297.145,290,Truck
250.108,290,Truck
385.31775,290,Truck
388.56779,290,Truck
251.993,290,Truck
420.18817,290,Truck
257.66,290,Truck
417.7078,290,Truck
256.746,290,Truck
300.852,390,Truck
296.051,390,Truck
481.19085,390,Truck
476.22187,390,Truck
292.585,390,Truck
503.94486,390,Truck
310.425,390,Truck
311.998,390,Truck
483.1826,390,Truck
479.12308,390,Truck
415.3,240,Truck
415.3,240,Truck
415.3,240,Truck
413,240,Truck
413,240,Truck
413,240,Truck
272.1,240,Truck
272.1,240,Truck
272.1,240,Truck
273.9,240,Truck
273.9,240,Truck
273.9,240,Truck
247.7275022,230,Truck
247.7275022,230,Truck
247.7275022,230,Truck
385.3712789,230,Truck
385.3712789,230,Truck
385.3712789,230,Truck
387.3,240,Truck
387.3,240,Truck
387.3,240,Truck
386,240,Truck
386,240,Truck
386,240,Truck
261.1,240,Truck
261.1,240,Truck
261.1,240,Truck
261.1,240,Truck
261.1,240,Truck
261.1,240,Truck
261.3457495,240,Truck
261.3457495,240,Truck
261.3457495,240,Truck
397.8850292,240,Truck
397.8850292,240,Truck
397.8850292,240,Truck
334.4049683,184,Both
220.3503536,184,Both
614.21549,640,Car
354.838,640,Car
489.588,640,Car
583.19676,645,Car
314.95,645,Car
445.913,645,Car
514.92,558,Car
372.615,558,Car
496.3,558,Car
374.38,558,Car
366.231,558,Car
614.689,558,Car
364.293,558,Car
589.921,558,Car
448.891,553,Car
278.713,553,Car
421.772,553,Car
277.637,553,Car
466.559,553,Car
279.11,553,Car
437.378,553,Car
278.797,553,Car
596.476,725,Car
406.09,725,Car
577.186,725,Car
398.22,725,Car
667.14,725,Car
408.16,725,Car
632.11,725,Car
404.771,725,Car
628.71,652,Car
390.02,652,Car
596.198,652,Car
385.81,652,Car
708.95,652,Car
389.168,652,Car
385.06,652,Car
670.92,652,Car
172.8648383,141,Car
161.3825111,141,Car
169.7150958,141,Car
154.5939573,141,Car
383.191,325,Truck
235.96,325,Truck
210.576,245,Truck
335.289,245,Truck
392.557,280,Truck
239.812,280,Truck
414.253,325,Truck
278.646,325,Truck
408.341,325,Truck
265.211,325,Truck
351.947,245,Truck
223.314,245,Truck
322.856,237,Truck
212.614,237,Truck
497.043,365,Truck
353.713,365,Truck
453.336,365,Truck
290.075,365,Truck
486.871,365,Truck
313.727,365,Truck
498.452,365,Truck
328.879,365,Truck
488.438,365,Truck
314.934,365,Truck
476.729,365,Truck
301.173,365,Truck
500.198,365,Truck
319.515,365,Truck
479.541,365,Truck
319.007,365,Truck
497.25,365,Truck
330.457,365,Truck
279.511,287,Truck
429.938,287,Truck
409.736,287,Truck
269.556,287,Truck
389.958,237,Truck
275.824,237,Truck
397.136,287,Truck
248.719,287,Truck
413.648,287,Truck
262.806,287,Truck
452.945,300,Truck
308.731,300,Truck
435.9,300,Truck
294.739,300,Truck
368.207,325,Truck
250.065,325,Truck
259.622,282,Truck
364.012,282,Truck
384.329,282,Truck
250.2653,282,Truck
422.43,282,Truck
287.752,282,Truck
400.6605,282,Truck
271.9015,282,Truck
403.944,282,Truck
278.499,282,Truck
267.0792,282,Truck
386.3671,282,Truck
260.717,365,Truck
396.625,365,Truck
412.82,365,Truck
267.651,365,Truck
359.453,325,Truck
242.839,325,Truck
428.204,365,Truck
281.769,365,Truck
274.355,325,Truck
394.094,325,Truck
449.71,385,Truck
288.43,385,Truck
435.2212,385,Truck
271.6875,385,Truck
468.016,385,Truck
271.0894,385,Truck
286.906,385,Truck
436.6978,385,Truck
476.515,385,Truck
436.8153,385,Truck
271.8447,385,Truck
286.306,385,Truck
509.07,385,Truck
345.682,385,Truck
480.6433,385,Truck
327.4232,385,Truck
484.186,385,Truck
306.406,385,Truck
460.366,385,Truck
286.3655,385,Truck
174.5,120,Car
248.44,120,Car
170.5934991,120,Car
252.7136641,120,Car
211.616,120,Car
143.701,120,Car
213.643,120,Car
396.465,285,Car
251.855,285,Car
464.061,355,Car
296.377,355,Car
444.194,355,Car
284.33,355,Car
239.9845,160,Car
255.429,160,Car
148.0657,160,Car
154.45,160,Car
160.996,160,Car
253.258,160,Car
222.199,123,Car
147.314,123,Car
157.5391172,123,Car
232.7277223,123,Car
152.0873189,141,Car
146.3079723,141,Car
322.75,237,Car
201.969,237,Car
192.117,169,Car
310.604,169,Car
292.213,169,Car
170.441,169,Car
277.468,169,Car
167.989,169,Car
175.157,141,Car
175.807,141,Car
379.535697,300,Car
230.0535454,300,Car
472.258,420,Car
252.755,420,Car
381.253,420,Car
594.838,420,Car
405.87,300,Car
222.514,300,Car
326.017,310,Car
197.652,310,Car
340.931,310,Car
209.372,310,Car
312.74,310,Car
200.53,310,Car
449.211,420,Car
255.72,420,Car
452.871,420,Car
258.174,420,Car
263.098,420,Car
456.929,420,Car
472.035,420,Car
275.103,420,Car
470.856,420,Car
462.366,420,Car
273.275,420,Car
266.018,420,Car
471.159,420,Car
283.077,420,Car
479.84,420,Car
284.021,420,Car
389.767,300,Car
242.263,300,Car
528.212,526,Car
307.835,526,Car
505.809,526,Car
293.522,526,Car
344.826,237,Car
212.181,237,Car
500.422,270,Truck
334.457,270,Truck
327.6542328,270,Truck
503.4224765,270,Truck
372.751,270,Truck
352.1613,270,Truck
509.254,270,Truck
489.5341,270,Truck
348.759,365,Truck
509.257,365,Truck
418.769,365,Car
255.853,365,Car
365.753,285,Car
224.595,285,Car
449.629,365,Car
281.4,365,Car
458.477,365,Car
283.601,365,Car
256.32,305,Car
388.877,305,Car
241.5857,305,Car
363.3,305,Car
389.431,285,Car
237.695,285,Car
387.194,285,Car
240.736,285,Car
213.315,170,Truck
312.685,170,Truck
323.243,170,Truck
214.363,170,Truck
313.495,170,Truck
211.283,170,Truck
315.927,170,Truck
335.514,169,Truck
222.258,169,Truck
223.088,168,Truck
346.003,168,Truck
227.421,168,Truck
228.281,168,Truck
356.718,168,Truck
370.595,304,Car
224.927,304,Car
343.419,237,Car
227.436,237,Car
400.863,305,Truck
246.504,305,Truck
485.098,380,Truck
325.557,380,Truck
493.4242136,380,Truck
337.8855667,380,Truck
411.4,255,Both
230.8,255,Both
173.6,182,Car
173.6,182,Car
282.1,182,Car
282.1,182,Car
414.936,303,Both
241.91,303,Both
419.2,303,Both
246.2,303,Both
361.136,182,Both
202.626,182,Both
371.8,260,Car
234.5,260,Car
203.4610451,250,Car
345.4409391,250,Car
329.619,182,Both
196.609,182,Both
513.7,550,Car
344.5,550,Car
364.085,272,Car
212.945,272,Car
376.6,272,Car
222.2,272,Car
344.5,272,Car
229.6,272,Car
228.5,272,Car
329.1,272,Car
214.7,272,Car
213.6,272,Car
339.2,272,Car
222.7,272,Car
221.6,272,Car
343.1,272,Car
221.1,272,Car
220,272,Car
330.5084051,196,Car
193.6831587,196,Car
329.2735399,196,Car
385.453,301,Both
227.832,301,Both
344.171,272,Car
209.053,272,Car
268.523,420,Car
456.822,420,Car
384.7,301,Both
221.1,301,Both
384.7,301,Both
240.2,301,Both
614.987,556,Car
614.987,556,Car
364.68,556,Car
364.68,556,Car
479.977,425,Truck
293.944,425,Truck
485.6,425,Truck
303.3,425,Truck
491.424,425,Truck
308.362,425,Truck
493.7,425,Truck
310.7,425,Truck
417.204,280,Both
255.981,280,Both
448.284,280,Both
272.241,280,Both
399.832,280,Both
247.172,280,Both
411.814,280,Both
259.343,280,Both
457.828,280,Both
283.732,280,Both
279.432,280,Both
436.361,280,Both
422.811,303,Car
263.328,303,Car
319.301,303,Car
570.273,303,Car
510.4271188,303,Car
319.6465493,303,Car
448.201,410,Car
268.16,410,Car
489.612,303,Car
308.198,303,Car
465.3,303,Car
287.6,303,Car
396.7,304,Both
234.5,304,Both
437.8,304,Both
257.6,304,Both
422.989,304,Both
228.168,304,Both
451.1,420,Car
264.5,420,Car
472.7,420,Car
279.5,420,Car
451.1,420,Car
253.9,420,Car
316.042,182,Both
197.151,182,Both
309.317,182,Both
197.294,182,Both
348.5,182,Both
222.7,182,Both
348.5,182,Both
222.7,182,Both
339.2,182,Both
219.4,182,Both
339.2,182,Both
219.4,182,Both
490.367,425,Truck
309.321,425,Truck
442.1,345,Truck
279.5,345,Truck
425.3,345,Truck
265.6,345,Truck
451.1,345,Truck
275.1,345,Truck
434.1,345,Truck
261.2,345,Truck
448.8,345,Truck
289.5,345,Truck
431.2,345,Truck
274.9,345,Truck
444.4,345,Truck
283,345,Truck
428.2,345,Truck
269,345,Truck
442.1,345,Truck
279.5,345,Truck
451.1,345,Truck
275.1,345,Truck
448.8,345,Truck
289.5,345,Truck
379.669,304,Car
212.396,304,Car
633.583,556,Car
371.042,556,Car
612.9,556,Car
356.9,556,Car
612.9,556,Car
356.9,556,Car
499.224,400,Car
295.091,400,Car
551.568,505,Car
334.453,505,Car
393.576,280,Both
247.409,280,Both
391.223,280,Both
242.376,280,Both
491,356,Car
279.5,356,Car
419.2,356,Car
469.8,356,Car
267.9,356,Car
511.959,425,Car
304.335,425,Car
366.131,194,Truck
244.632,194,Truck
352.943,194,Truck
237.154,194,Truck
389.91,300,Truck
248.148,300,Truck
252.885387,194,Truck
381.4741024,194,Truck
406.895,300,Truck
263.735,300,Truck
481.675,300,Truck
366.787,300,Truck
421.225,450,Car
232.981,450,Car
405.219,450,Car
405.219,450,Car
210.114,450,Car
210.114,450,Car
444.07,455,Car
214.148,455,Car
220.376,455,Car
481.547,650,Car
295.16,650,Car
467.143,650,Car
279.322,650,Car
538.557,650,Car
299.183,650,Car
243.361,138,Car
147.103,138,Car
263.7,138,Car
166.1,138,Car
179.8427335,140,Car
311.466212,140,Car
171.521,138,Car
277.32,138,Car
153.9586364,148,Car
153.9586364,148,Car
153.9586364,148,Car
292.3471281,148,Car
292.3471281,148,Car
292.3471281,148,Car
152.5160134,148,Car
152.5160134,148,Car
152.5160134,148,Car
266.9,140,Car
166.4,140,Car
266.9,140,Car
166.1,140,Car
263.7,140,Car
161.9,140,Car
263.7,140,Car
161.6,140,Car
429.3,308,Both
256.1,308,Both
270.1017655,308,Both
448.6408471,308,Both
313.887,182,Both
202.82,182,Both
333.935,182,Both
203.609,182,Both
645.137,280,Truck
387.664,280,Truck
678.4,280,Truck
402.1,280,Truck
409.5,323,Truck
662.6,323,Truck
398.4,323,Truck
678.4,323,Truck
409.5,323,Truck
678.4,323,Truck
691.8,323,Truck
411.4,323,Truck
716.7,323,Truck
429.3,323,Truck
396.86,280,Both
367.715,280,Both
213.308,280,Both
199.424,280,Both
417.2,280,Both
391,280,Both
229.6,280,Both
216.3,280,Both
375.564,305,Car
220.689,305,Car
357.962,305,Both
216.663,305,Both
430.344,285,Truck
287.903,285,Truck
430.667,285,Truck
290.121,285,Truck
403.5,285,Truck
270.2,285,Truck
396.7,285,Truck
266.1,285,Truck
414.1,285,Truck
274.9,285,Truck
405.8,285,Truck
270.1,285,Truck
431.2,285,Truck
282.3,285,Truck
423.2,285,Truck
277.7,285,Truck
425.2,285,Truck
289.5,285,Truck
431.2,285,Truck
295.5,285,Truck
480.831,285,Truck
306.872,285,Truck
460.367,285,Truck
296.37,285,Truck
285.423,345,Truck
454,345,Truck
433.659,345,Truck
266.808,345,Truck
285.423,345,Truck
454,345,Truck
476.9,345,Truck
296.9,345,Truck
472.7,345,Truck
295.2,345,Truck
460.5,345,Truck
293.3,345,Truck
472.7,345,Truck
295.2,345,Truck
460.5,345,Truck
293.3,345,Truck
285.423,345,Truck
454,345,Truck
437.22,345,Truck
269.744,345,Truck
293.3,345,Truck
460.5,345,Truck
449.6,345,Truck
279.8,345,Truck
290.4,345,Truck
458.1,345,Truck
446.5,345,Truck
277.3,345,Truck
293.3,345,Truck
460.5,345,Truck
340.772,250,Car
211.186,250,Car
275.109,196,Car
168.845,196,Car
270.487,196,Car
170.331,196,Car
294.3,196,Car
191.9,196,Car
255.4,138,Car
171.2,138,Car
238.202,138,Car
156.352,138,Car
177.7,140,Car
282.1,140,Car
262.2,138,Car
180.6,138,Car
276.9,138,Car
186.3,138,Car
184.776,138,Car
252.805,138,Car
161.5033025,85,Car
223.3808235,85,Car
216.847,85,Car
158.776,85,Car
202.119,138,Car
286.238,138,Car
233.936,85,Car
270.216,85,Car
241.518,85,Car
184.5448,85,Car
165.42127,85,Car
497.074,425,Truck
317.902,425,Truck
512.554,425,Truck
319.872,425,Truck
552.6700887,425,Truck
365.6077139,425,Truck
711,352,Truck
423.2,352,Truck
331.2,201,Car
205.68,201,Car
292.25,201,Car
414.6,201,Car
363.88,201,Car
286.17,150,Car
180.11,150,Car
355.23,290,Car
222.96,290,Car
386.6089208,290,Car
237.0296642,290,Car
350.84,273,Truck
224.48,273,Truck
362.05,273,Truck
235.19,273,Truck
281.1647093,206,Both
170.1607322,206,Both
276.66,206,Both
176.06,206,Both
321.19,290,Car
179.83,290,Car
321.41,290,Car
180.6,290,Car
326.97,290,Car
195.51,290,Car
327.61,290,Car
195.17,290,Car
288.57,185,Car
179.58,185,Car
287.72,185,Car
180.23,185,Car
305.23,185,Car
189.2,185,Car
308.67,185,Car
186.96,185,Car
339.63,278,Car
194.63,278,Car
339.89,278,Car
196.37,278,Car
328.42,278,Car
182.62,278,Car
327.49,278,Car
183.34,278,Car
342.92,278,Car
197.59,278,Car
343.06,278,Car
196.79,278,Car
330.37,278,Car
183.34,278,Car
331.14,278,Car
183.05,278,Car
390.01,278,Car
225.72,278,Car
391.78,278,Car
227.74,278,Car
174.5470595,185,Car
262.268696,185,Car
254.24,185,Car
172.41,185,Car
266.3706946,185,Car
174.8032353,185,Car
262.0502709,185,Car
250.15,185,Car
169.65,185,Car
266.3271596,189,Car
184.1018944,189,Car
185.7909357,189,Car
273.5545068,189,Car
255.44,185,Car
172.79,185,Car
253.86,185,Car
173.36,185,Car
251.25,185,Car
167.91,185,Car
249.71,185,Car
169.1,185,Car
265.24,189,Car
180.44,189,Car
264.36,189,Car
180.41,189,Car
205.76,196,Car
123.68,196,Car
126.42,196,Car
206.5873781,196,Car
130.0523816,196,Car
129.3018001,196,Car
244.54,143,Car
173.55,143,Car
244.68,143,Car
172.75,143,Car
228.08,143,Car
162.49,143,Car
164.6034153,143,Car
238.8438656,143,Car
229.03,143,Car
162.85,143,Car
223.62,143,Car
159.37,143,Car
225.11,143,Car
159.24,143,Car
228.09,143,Car
163.37,143,Car
162.74,143,Car
229.6,143,Car
161.8265468,143,Car
232.7304028,143,Car
222.67,143,Car
157.65,143,Car
192.82,110,Car
124.26,110,Car
194.57,110,Car
124.28,110,Car
154.2994228,143,Car
224.2646939,143,Car
213.48,143,Car
148.47,143,Car
214.9,143,Car
149.67,143,Car
214.32,143,Car
149.17,143,Car
144.35,110,Car
131.45,110,Car
145.73,110,Car
133.35,110,Car
143.86,110,Car
131.43,110,Car
145.92,110,Car
132.53,110,Car
335.46,201,Car
213.34,201,Car
406.14,201,Car
366.21,201,Car
299.32,201,Car
265.4914783,185,Both
189.8976183,185,Both
256.6122953,185,Both
186.8714997,185,Both
252.15,185,Both
183.9,185,Both
249.73,185,Both
184.36,185,Both
263.68,185,Both
194.65,185,Both
265.61,185,Both
195.29,185,Both
272.073919,185,Both
196.1011665,185,Both
265.6460453,185,Both
194.0945642,185,Both
259.6,185,Both
187.92,185,Both
261.58,185,Both
191.56,185,Both
185.08,135,Car
159.79,135,Car
217.03,135,Car
163.03,135,Car
320.94,192,Both
205.07,192,Both
355.99,278,Car
213.23,278,Car
228.53,278,Car
377.35,278,Car
208.26,128,Car
161.95,128,Car
208.17,128,Car
161.54,128,Car
236.26,128,Car
171.49,128,Car
232.04,128,Car
167.74,128,Car
151.87,130,Car
198.3511029,130,Car
197.67,130,Car
150.82,130,Car
371.69,248,Truck
229.58,248,Truck
250,250,Car
391.89,250,Car
401.08,250,Car
250.41,250,Car
408.1,250,Car
261.09,250,Car
420.17,250,Car
263.25,250,Car
358.15,310,Car
206.38,310,Car
205.82,310,Car
357.12,310,Car
359.5251996,293,Car
221.2527458,293,Car
375.7709,293,Car
226.2511,293,Car
280.8065,173,Car
177.759,173,Car
284.4219,173,Car
183.3401,173,Car
285.6865,173,Car
177.9645,173,Car
291.3327,173,Car
185.9381,173,Car
287.7302,173,Car
190.3202,173,Car
192.8838354,173,Car
286.6533909,173,Car
291.9675,173,Car
192.0793,173,Car
287.3749,173,Car
186.0638,173,Car
253.8639,145,Car
171.8962,145,Car
254.967,145,Car
169.0118,145,Car
481.0397,429,Car
277.8358,429,Car
255.0800646,311,Car
436.0278819,311,Car
390.114,311,Car
222.3062,311,Car
484.0132,420,Car
275.9066,420,Car
452.2789,348,Car
279.1342,348,Car
383.4408,348,Car
504.4056,348,Car
512,348,Car
376.4183,348,Car
499.3705,348,Car
493.4472,348,Car
434.8942,348,Car
260.2726,348,Car
439.2253,348,Car
254.2506,348,Car
376.2277,348,Car
484.808,348,Car
474.4901,348,Car
451.9327,348,Car
379.2174,348,Car
516.1408,348,Car
520.3963,348,Car
289.2187,348,Car
455.9223,348,Car
283.3759,348,Car
384.2648,348,Car
526.8304,348,Car
504.4297,348,Car
265.2879347,290,Car
418.6229046,290,Car
423.6213434,290,Car
389.6984,290,Car
252.8576,290,Car
402.6,290,Car
257.2461,290,Car
389.81,290,Car
247.51,290,Car
365.397,265,Car
236.2827,265,Car
384.4865,265,Car
261.2707,265,Car
380.8554,265,Car
256.0844,265,Car
343.209,187,Car
231.7676,187,Car
370.3689,190,Car
250.406,190,Car
368.2011,265,Car
244.446,265,Car
422.8205,290,Car
262.64253,290,Car
414.0176,290,Car
448.6178,290,Car
280.3811,290,Car
424.6579,290,Car
199.7241153,245,Car
309.5390395,245,Car
206.731,245,Car
332.4166,245,Car
301.1569,185,Car
186.5346,185,Car
293.2051,185,Car
176.0291,185,Car
290.3604,185,Car
179.6677,185,Car
275.8432,185,Car
168.1706,185,Car
244.8977986,178,Car
166.9056483,178,Car
184.7263,159,Car
156.6188,159,Car
157.7761198,159,Car
186.9975157,159,Car
364.5972,180,Truck
248.54,180,Truck
250.2217,180,Truck
359.5093212,180,Truck
348.7806,182,Truck
249.6096,182,Truck
338.1645,182,Truck
245.7515,182,Truck
340.4476,182,Truck
221.63,182,Truck
332.5491,182,Truck
219.5241,182,Truck
248.3293,164,Truck
341.4372159,164,Truck
298.6871,164,Truck
217.7611,164,Truck
288.0498,201,Car
199.5156,201,Car
281.5449,201,Car
186.1978,201,Car
184.6212,159,Car
156.9982,159,Car
189.4587,159,Car
160.5696,159,Car
457.95,495,Car
277.25,495,Car
368.27,380,Car
235.07,380,Car
369.06,240,Car
222.23,240,Car
335.98,240,Car
459.7,240,Car
443.03,240,Car
389.36,340,Car
229.35,340,Car
463.28,510,Car
271.5,510,Car
477.17,510,Car
278.84,510,Car
483.11,510,Car
278.38,510,Car
446.73,510,Car
262.52,510,Car
477.17,510,Car
278.84,510,Car
444.29,340,Car
261.38,340,Car
396.28,340,Car
234.86,340,Car
425.95,340,Car
238.51,340,Car
483.11,470,Car
278.38,470,Car
448.01,340,Car
261.65,340,Car
428.89,340,Car
234.83,340,Car
444.21,340,Car
234.1,340,Car
286.27,385,Car
454.5,385,Car
446.73,385,Car
268.18,385,Car
484.2,510,Car
296.18,510,Car
473.59,510,Car
295.79,510,Car
355,240,Truck
243,240,Truck
406.99,240,Truck
270.5,240,Truck
420.89,340,Truck
282.19,340,Truck
337.2,240,Truck
212.6,240,Truck
255.1639,138,Car
172.1963,138,Car
250.8674,138,Car
165.7893,138,Car
240.5042,138,Car
158.7337,138,Car
252.3893,138,Car
163.219,138,Car
167.2130472,138,Car
262.423501,138,Car
255.6351,138,Car
171.208,138,Car
253.3168,138,Car
163.2473,138,Car
274.8773,173,Car
276.9733,173,Car
288.7338,166,Car
180.5782,166,Car
282.8472,166,Car
249.1608214,145,Car
167.6034233,145,Car
238.1643,145,Car
155.166,145,Car
253.0668,145,Car
165.1582,145,Car
276.4371,173,Car
272.6076,173,Car
250.4243,138,Car
176.056,138,Car
242.3359,138,Car
170.1254,138,Car
260.0282,138,Car
178.6685,138,Car
258.5981,138,Car
175.0418,138,Car
490.0606,293,Car
345.7012,293,Car
418.43,293,Car
379.003,293,Car
236.71,293,Car
283.6807,173,Car
173.526,173,Car
277.4531,173,Car
277.2628,173,Car
168.467,173,Car
270.195,173,Car
286.8689,166,Car
295.3028,166,Car
177.9269,166,Car
283.1685,166,Car
175.414,166,Car
271.4901,166,Car
272.3218,145,Car
166.5458,145,Car
162.8462,145,Car
260.0544,145,Car
255.1355832,145,Car
160.5112525,145,Car
275.4275,145,Car
166.8959,145,Car
268.5215,145,Car
160.3563,145,Car
278.7531,173,Car
184.9423,173,Car
284.8841,173,Car
316.2032,201,Car
215.6159,201,Car
312.2589,201,Car
208.37,201,Car
276.9979,173,Car
183.6258,173,Car
278.6561,173,Car
285.9037,173,Car
192.3127,173,Car
278.0762,173,Car
324.8977,201,Car
217.905,201,Car
330.0219,201,Car
216.7889529,201,Car
470.3812,420,Car
275.6736,420,Car
346.3287,274,Car
203.0742,274,Car
316.9818,192,Car
202.355,192,Car
311.4563,192,Car
187.0878,192,Car
311.5874,192,Car
198,192,Car
297.7142,192,Car
181.2143,192,Car
239.5655333,311,Car
399.8459602,311,Car
245.908,138,Car
161.598,138,Car
255.2974,138,Car
173.1793,138,Car
249.3776,138,Car
163.9126,138,Car
255.4076,138,Car
169.8898769,138,Car
247.2876,138,Car
167.9009,138,Car
242.8045,138,Car
164.366,138,Car
402.4325,276,Truck
264.4888,276,Truck
391.9028,276,Truck
257.5353,276,Truck
433.0131,276,Truck
287.1551,276,Truck
272.6405445,290,Car
407.0626122,290,Car
400.7573,290,Car
269.6432,290,Car
388.0195,290,Car
262.1326,290,Car
382.5991,290,Car
245.4103,290,Car
347.7821,191,Car
231.8047,191,Car
360.8567,191,Car
251.2861,191,Car
298.4447909,164,Car
205.5858806,164,Car
301.9803,164,Car
210.2624,164,Car
284.5921,130,Car
207.3508,130,Car
288.7743,130,Car
206.9935,130,Car
208.4274996,164,Car
287.7577795,164,Car
243.1385721,260,Truck
345.4218176,260,Truck
374.1645,260,Truck
257.8835,260,Truck
362.3031,180,Truck
245.6073,180,Truck
357.583,180,Truck
236.0014,180,Truck
358.4291,182,Truck
257.5639,182,Truck
353.345,182,Truck
240.7767,182,Truck
340.7771,182,Truck
221.0838,182,Truck
335.0081,182,Truck
219.603,182,Truck
258.1649,260,Truck
371.0282,260,Truck
247.9582,260,Truck
359.9244,260,Truck
784,700,Car
804,700,Car
708,700,Car
392,700,Car
532,700,Car
784,700,Car
744,700,Car
417.9545797,700,Car
771.3893189,700,Car
590.8789553,700,Car
705,700,Car
353,700,Car
527,700,Car
477.1,405,Car
267.1,405,Car
477.5,405,Car
248.6,405,Car
466.6,345,Car
266.9,345,Car
463.6,345,Car
256.1,345,Car
560.258,444,Car
318.614,444,Car
573.423,444,Car
313.164,444,Car
560.136,454,Car
311.998,454,Car
568.004,454,Car
310.862,454,Car
541.3,523,Car
300.4,523,Car
536.4,523,Car
283.1,523,Car
277.5907688,405,Car
474.8168251,405,Car
483.3,405,Car
250.5,405,Car
263,155,Truck
181,155,Truck
271,154,Truck
204,154,Truck
261,155,Truck
194,155,Truck
257,155,Truck
195,155,Truck
285,184,Truck
208,184,Truck
295,184,Truck
214,184,Truck
282,184,Truck
198,184,Truck
278,184,Truck
280,184,Truck
200,184,Truck
436.446,274,Truck
292.68,274,Truck
406.68,273,Truck
262.889,273,Truck
431.101,273,Truck
271.369,273,Truck
232,155,Car
153,155,Car
236,155,Car
156,155,Car
243,184,Car
160,184,Car
247,184,Car
168,184,Car
159,184,Car
238,184,Car
162,184,Car
242,184,Car
227,155,Car
151,155,Car
230,155,Car
156,155,Car
245,184,Car
161,184,Car
172.7559947,184,Car
256.164582,184,Car
254.7088025,184,Car
177.17954,184,Car
237,184,Car
156,184,Car
160.2554995,184,Car
239.8606165,184,Car
171.3352292,184,Car
274.6955045,184,Car
178.0653844,184,Car
270.978954,184,Car
317,157,Car
214,157,Car
219.9126715,157,Car
334.6911256,157,Car
355.449209,157,Car
274,184,Car
169,184,Car
280,184,Car
175,184,Car
255,184,Car
162,184,Car
271,184,Car
169.5000433,184,Car
158.4972698,184,Car
243.0675002,184,Car
246,184,Car
155,184,Car
306,167,Car
225,167,Car
324,167,Car
224,167,Car
316,158,Car
217,158,Car
344,158,Car
219,158,Car
323,158,Car
227,158,Car
346,158,Car
227,158,Car
451.9,641,Car
291,641,Car
397.8,641,Car
535.1,641,Car
546,641,Car
550.3,904,Car
315.5847313,904,Car
418.9799633,904,Car
457.1260128,904,Car
526.1,904,Car
403.61,469,Car
258.23,469,Car
323.82,201,Car
199.96,201,Car
186.36,241,Car
277.7,241,Car
287.05,241,Car
200.83,241,Car
350.95,302,Car
220.32,302,Car
420.8,302,Car
362.91,302,Car
233.29,302,Car
331.61,329,Car
221.74,329,Car
265.6,208,Car
164.6,208,Car
285.44,208,Both
189.1,208,Both
281.01,208,Both
189.25,208,Both
304.65,355,Car
207.04,355,Car
346.74,329,Car
211.42,329,Car
242.0995605,329,Car
365.9447407,329,Car
240.2571617,329,Car
404.89,402,Car
243,402,Car
268.63,402,Car
426.54,402,Car
457.97,550,Car
292.33,550,Car
276.53,190,Both
276.53,190,Both
276.53,190,Both
171.23,190,Both
171.23,190,Both
171.23,190,Both
288.85,190,Both
288.85,190,Both
288.85,190,Both
186.3,190,Both
186.3,190,Both
186.3,190,Both
218.7,302,Car
343.43,302,Car
335.04,302,Car
211.38,302,Car
223.7,302,Car
358.82,302,Car
223.5570741,302,Car
375.0549395,302,Car
365.2753107,302,Car
215.18,302,Car
322.78,302,Car
341.94,302,Car
228.8,302,Car
351.34,302,Car
238.56,302,Car
344.95,329,Car
217.54,329,Car
342.17,329,Car
216.32,329,Car
345.11,329,Car
212.98,329,Car
357.58,329,Car
229.55,329,Car
349.99,329,Car
223.8,329,Car
371.53,329,Car
238.95,329,Car
293.7,302,Car
221.95,302,Car
414.86,402,Car
250.25,402,Car
404.38,402,Car
242.05,402,Car
441.43,550,Car
276.29,550,Car
465.22,577,Car
288.75,577,Car
461.51,577,Car
292.32,577,Car
615.61,382,Truck
436.84,382,Truck
280.47,240,Truck
280.47,240,Truck
280.47,240,Truck
423.1,240,Truck
423.1,240,Truck
423.1,240,Truck
421.19,362,Truck
304.85,362,Truck
604.77,429,Truck
537.48,429,Truck
358.2,429,Truck
634.79,429,Truck
532.22,429,Truck
736.6,536,Truck
598.79,536,Truck
429.53,536,Truck
709.06,536,Truck
638.69,536,Truck
652.36,518,Truck
541.05,518,Truck
365.5,518,Truck
642.53,518,Truck
566.33,518,Truck
275.05,208,Both
175.53,208,Both
287.39,208,Both
196.54,208,Both
292.24,208,Both
187.8,208,Both
302.57,355,Car
217.38,355,Car
217.49,200,Truck
217.49,200,Truck
217.49,200,Truck
324.75,200,Truck
324.75,200,Truck
324.75,200,Truck
371.92,302,Both
250.32,302,Both
373.5,302,Both
376.73,302,Car
251.1,302,Car
376.68,302,Car
392.2488893,302,Both
256.9933089,302,Both
408.1416695,302,Both
389.25,302,Truck
258.22,302,Truck
233.16,201,Truck
233.16,201,Truck
233.16,201,Truck
344.74,201,Truck
344.74,201,Truck
344.74,201,Truck
388.17,201,Truck
388.17,201,Truck
388.17,201,Truck
445.89,201,Truck
445.89,201,Truck
445.89,201,Truck
471.01,201,Truck
471.01,201,Truck
471.01,201,Truck
390.7,302,Both
271.2,302,Both
403.82,302,Both
284.6,302,Both
382.22,302,Both
265.87,302,Both
395.68,329,Truck
289.76,329,Truck
520.54,518,Truck
365.13,518,Truck
713.02,518,Truck
551.62,518,Truck
647.15,518,Truck
410.66,449,Car
251.86,449,Car
390.89,449,Car
508.49,449,Car
515.51,449,Car
374.66,449,Car
436,449,Car
259.39,449,Car
390.23,449,Car
542.09,449,Car
532.26,449,Car
435.39,429,Car
265.99,429,Car
294.63,436,Car
210.68,436,Car
565.9387899,523,Car
306.3946063,523,Car
565.46,577,Car
478.99,577,Car
282.5,577,Car
578.83,577,Car
423.93,577,Car
465.13,577,Car
275.16,577,Car
562.9,621,Car
319.91,621,Car
316.0550386,621,Car
575.6282879,621,Car
352.39,329,Car
233.64,329,Car
404.49,429,Car
260.91,429,Car
448.57,536,Car
275.95,536,Car
385.12,536,Car
504.08,536,Car
565.72,536,Car
511.74,621,Car
304.99,621,Car
308.38,201,Car
194.06,201,Car
312.34,201,Car
195.73,201,Car
218.81,302,Car
330.16,302,Car
372.98,416,Car
233.71,416,Car
351.03,416,Car
466.65,416,Car
413.25,416,Car
344.37,563,Car
557.51,563,Car
289.23,70,Car
235.74,70,Car
151.8317607,70,Car
197.2247986,70,Car
546.41,451,Car
333.09,451,Car
279.44774,148,Car
183.21717,148,Car
267.51846,148,Car
183.92905,148,Car
309.35295,168,Car
203.96331,168,Car
301.8454522,168,Car
209.1254691,168,Car
184.23176,143,Car
262.3794387,143,Car
422.12296,291,Car
278.29032,291,Car
426.0291,291,Car
283.77473,291,Car
402.69605,237,Car
254.15928,237,Car
312.0739856,168,Car
221.4244545,168,Car
197.57017,74,Car
145.49573,74,Car
138.67102,74,Car
179.9171549,74,Car
277.71965,166,Truck
204.9471,166,Truck
290.48768,166,Truck
214.55972,166,Truck
341.92211,224,Truck
226.77512,224,Truck
291.30131,148,Truck
212.29167,148,Truck
270.17596,148,Truck
192.39054,148,Truck
295.42098,168,Truck
216.4332,168,Truck
279.74055,148,Truck
204.65414,148,Truck
303.75361,168,Truck
226.08964,168,Truck
243,301,Car
187,301,Car
417,325,Car
254,325,Car
403,325,Car
249,325,Car
434,325,Car
266,325,Car
395,330,Car
242,330,Car
370,330,Car
235,330,Car
410,330,Car
252,330,Car
402,330,Car
257,330,Car
400,330,Car
252,330,Car
242,301,Car
185,301,Car
232,301,Car
168,301,Car
237,301,Car
174,301,Car
360,328,Car
217,328,Car
360,328,Car
218,328,Car
353,328,Car
214,328,Car
358,328,Car
213,328,Car
365,328,Car
228,328,Car
367,328,Car
225,328,Car
357,328,Car
216,328,Car
357,328,Car
215,328,Car
382,328,Car
238,328,Car
385,328,Car
235,328,Car
379.290488,328,Car
232.6634131,328,Car
379.3905424,328,Car
234.0686641,328,Car
242,301,Car
178,301,Car
248,301,Car
178,301,Car
257,301,Car
203,301,Car
254,301,Car
205,301,Car
385.1874427,330,Car
245.2058571,330,Car
249.4591824,330,Car
406.2852723,330,Car
262,330,Car
402,330,Car
264,330,Car
401,330,Car
260,330,Car
401,330,Car
258,330,Car
402,330,Car
460,420,Car
282,420,Car
460,420,Car
281,420,Car
450,420,Car
275,420,Car
449,420,Car
273,420,Car
452,420,Car
276,420,Car
451,420,Car
274,420,Car
436,420,Car
261,420,Car
436,420,Car
263,420,Car
231,302,Car
186,302,Car
234,302,Car
186,302,Car
409,325,Car
260,325,Car
416,325,Car
265,325,Car
403,325,Car
256,325,Car
246,265,Truck
351,265,Truck
348,265,Truck
242,265,Truck
350,265,Truck
239,265,Truck
345,265,Truck
237,265,Truck
342,265,Truck
230,265,Truck
339,265,Truck
228,265,Truck
259,230,Truck
228,230,Truck
263,230,Truck
230,230,Truck
262,230,Truck
227,230,Truck
259,230,Truck
226,230,Truck
256,230,Truck
223,230,Truck
255,230,Truck
221,230,Truck
444,325,Truck
295,325,Truck
441,325,Truck
292,325,Truck
420,325,Truck
269,325,Truck
518,400,Truck
325,400,Truck
515.7618753,400,Truck
331.1656795,400,Truck
515,400,Truck
317,400,Truck
513,400,Truck
315,400,Truck
548,400,Truck
346,400,Truck
577,317,Truck
573,317,Truck
345,317,Truck
590,317,Truck
368,317,Truck
590,317,Truck
368,317,Truck
393,332,Car
244,332,Car
402,332,Car
252,332,Car
408,332,Car
260,332,Car
411,332,Car
262,332,Car
392,332,Car
258,332,Car
393,332,Car
260,332,Car
386,332,Car
254,332,Car
307,270,Car
199,270,Car
305,270,Car
197,270,Car
305,270,Car
197,270,Car
580,317,Truck
582,317,Truck
346,317,Truck
338,317,Truck
559,317,Truck
590,317,Truck
371,317,Truck
584,317,Truck
366,317,Truck
349,317,Truck
554,317,Truck
438,261,Truck
271,261,Truck
453,261,Truck
287,261,Truck
416,152,Truck
289,152,Truck
366,152,Truck
279,152,Truck
408,152,Truck
279,152,Truck
268,152,Truck
352,152,Truck
490,261,Truck
318,261,Truck
483,261,Truck
312,261,Truck
471,261,Truck
306,261,Truck
465,261,Truck
306,261,Truck
449,261,Truck
301,261,Truck
456,261,Truck
306,261,Truck
488,261,Truck
337,261,Truck
486,261,Truck
313,261,Truck
494,261,Truck
334,261,Truck
440,261,Truck
295,261,Truck
454,261,Truck
317,261,Truck
432,261,Truck
284,261,Truck
460,261,Truck
294,261,Truck
477,261,Truck
314,261,Truck
472.0171666,261,Truck
296.8075626,261,Truck
449,261,Truck
287,261,Truck
427,530,Car
293,530,Car
402,530,Car
433,530,Car
290,530,Car
396,530,Car
494,530,Car
482,530,Car
442,530,Car
424,530,Car
299,530,Car
479,530,Car
294,530,Car
417,530,Car
436,530,Car
292,530,Car
202,188,Car
260,188,Car
201,188,Car
259,188,Car
201,215,Car
260,215,Car
249.6500897,188,Car
196.6164408,188,Car
192,188,Car
242,188,Car
277,188,Car
219,188,Car
245,188,Car
185,188,Car
249,188,Car
185,188,Car
336,260,Car
222,260,Car
328,260,Car
212,260,Car
215,260,Car
332,260,Car
216.3253593,260,Car
332.9544705,260,Car
358,131,Truck
286,131,Truck
217,131,Truck
341,135,Car
220,135,Car
363,135,Car
400,135,Car
295,135,Car
243,260,Truck
362,260,Truck
352,260,Truck
236,260,Truck
345,260,Truck
228,260,Truck
337,260,Truck
222,260,Truck
255,230,Truck
223,230,Truck
272,230,Truck
223,230,Truck
266,230,Truck
232,230,Truck
266,230,Truck
230,230,Truck
365,260,Truck
240,260,Truck
356,260,Truck
231,260,Truck
279,170,Truck
197,170,Truck
277,170,Truck
201,170,Truck
279,170,Truck
200,170,Truck
272,170,Truck
196,170,Truck
269,170,Truck
192,170,Truck
246,170,Truck
332,170,Truck
315,170,Truck
234,170,Truck
225,170,Truck
306,170,Truck
222,130,Car
159,130,Car
221,130,Car
157,130,Car
167.9074396,130,Car
242.2364733,130,Car
229,130,Car
161,130,Car
234,124,Car
163,124,Car
229,124,Car
159,124,Car
608,317,Truck
394,317,Truck
605,317,Truck
389,317,Truck
582,317,Truck
390,317,Truck
247,109,Car
171,109,Car
215,109,Car
158,109,Car
216,109,Car
159,109,Car
214,109,Car
157,109,Car
264,109,Car
173,109,Car
243,109,Car
171,109,Car
214,109,Car
155,109,Car
155,109,Car
155,109,Car
570,317,Truck
357,317,Truck
553,317,Truck
342,317,Truck
596,317,Truck
380,317,Truck
592,317,Truck
378,317,Truck
572,317,Truck
369,317,Truck
572,317,Truck
370,317,Truck
549,317,Truck
352,317,Truck
561,317,Truck
361,317,Truck
592,317,Truck
375,317,Truck
598,317,Truck
371,317,Truck
567,317,Truck
354,317,Truck
570,317,Truck
365,317,Truck
572,317,Truck
367,317,Truck
546,317,Truck
349,317,Truck
539,317,Truck
340,317,Truck
597,317,Truck
392,317,Truck
601,317,Truck
396,317,Truck
580,317,Truck
376,317,Truck
559,317,Truck
356,317,Truck
233.146011,350,Car
375.8877374,350,Car
349.27,350,Car
224.8,350,Car
371.89,350,Car
232.67,350,Car
368.27,350,Car
237.22,350,Car
352.37,350,Car
229.01,350,Car
344.61,350,Car
230.8,350,Car
379.4,350,Car
241.74,350,Car
373.5,350,Car
244.48,350,Car
358.62,350,Car
236.05,350,Car
353.23,350,Car
237.92,350,Car
383.59,400,Car
240.54,400,Car
367.11,400,Car
241.65,400,Car
388.17,400,Car
246.47,400,Car
382.2073781,400,Car
243.8404598,400,Car
386.18,430,Car
249.39,430,Car
374.84,430,Car
247.71,430,Car
398.05,430,Car
251.16,430,Car
386.11,430,Car
246.65,430,Car
254.32,430,Car
396.87,430,Car
391.83,430,Car
253.61,430,Car
412.3,430,Car
254.75,430,Car
395.4,430,Car
251.76,430,Car
372.03,350,Car
233.98,350,Car
367.31,350,Car
235.27,350,Car
348.02,350,Car
224.53,350,Car
336.13,350,Car
225.75,350,Car
378.45,400,Car
233.34,400,Car
367.14,400,Car
236.37,400,Car
361.03,400,Car
234.26,400,Car
379.07,400,Car
238.89,400,Car
371.61,400,Car
240.71,400,Car
372.22,400,Car
234.24,400,Car
392.47,430,Car
244.65,430,Car
369.69,430,Car
244.45,430,Car
396.27,430,Car
244.2,430,Car
382.65,430,Car
243.36,430,Car
488.42,475,Car
313.54,475,Car
386.36,350,Car
243.89,350,Car
368.85,350,Car
240.85,350,Car
395.98,400,Car
250.44,400,Car
379.63,400,Car
247.74,400,Car
429.45,560,Car
261.95,560,Car
398.74,560,Car
259.56,560,Car
309.158,887,Car
257.77,887,Car
319,265,Car
198.07,265,Car
343.45,265,Car
214.17,265,Car
359.2,315,Car
231.21,315,Car
338.04,315,Car
212.41,315,Car
419.99,420,Truck
260.42,420,Truck
335.77,416,Both
263.31,416,Both
306.41142,520,Truck
508.6615248,520,Truck
366.48,340,Car
239.05,340,Car
360.28,340,Car
238.91,340,Car
327.68,340,Car
206.17,340,Car
321.26,340,Car
205.08,340,Car
418.49,340,Truck
280.74,340,Truck
408.31,340,Truck
276.98,340,Truck
275.7519138,400,Truck
436.859293,400,Truck
423.3,400,Truck
273.5238934,400,Truck
396.34,310,Car
228.14,310,Car
379.09,310,Car
227.56,310,Car
405.76,310,Car
237.46,310,Car
382.03,310,Car
235.79,310,Car
416.79,420,Car
238.17,420,Car
394.88,420,Car
238.88,420,Car
426.68,420,Car
241.66,420,Car
400.73,420,Car
239.2,420,Car
472.3,440,Car
264.49,440,Car
448.14,440,Car
264,440,Car
307.4393684,416,Car
216.2393528,416,Car
483.26,520,Car
265.88,520,Car
444.94,520,Car
262.02,520,Car
487.13,520,Car
267.34,520,Car
451.13,520,Car
267.42,520,Car
472.84,262,Car
443.291,262,Car
185.650351,262,Car
331.7543051,262,Car
239.8490473,262,Car
418.9087158,262,Car
388.5249301,262,Car
469.58,563,Car
632.66,563,Car
668.11,563,Car
580.73,563,Car
333.26,563,Car
348.29,453,Car
640.76,453,Car
538.77,453,Car
723.7,453,Car
629.51,453,Car
639.4,453,Car
352.1,453,Car
577.03,624,Car
321.96,624,Car
532.7471,565,Car
294.82,565,Car
630,565,Car
300.1,565,Car
603,565,Car
580,565,Car
299.31,565,Car
561.7736,565,Car
306.3778,565,Car
281,200,Car
187,200,Car
281,200,Car
185,200,Car
324,200,Car
212,200,Car
323.632344,200,Car
207.2262794,200,Car
231.34772,250,Both
301.1377168,250,Both
201.24268,170,Both
284.85855,170,Both
318.39521,170,Both
221.35827,170,Both
242.682069,148,Both
167.637145,148,Both
277.69205,148,Both
182.510202,148,Both
277.422815,148,Both
182.802824,148,Both
252.489991,148,Both
173.127756,148,Both
287.7495789,148,Both
189.2015424,148,Both
249.530565,148,Both
172.245183,148,Both
246.94113,148,Both
170.505461,148,Both
246.266472,148,Both
169.852526,148,Both
280.105894,148,Both
186.737682,148,Both
278.434205,148,Both
184.991567,148,Both
264.269239,175,Both
175.457088,175,Both
265.444926,175,Both
173.2208052,175,Both
262.546327,175,Both
175.67274,175,Both
261.601513,175,Both
173.462484,175,Both
354.897182,256,Both
219.579882,256,Both
275.680845,175,Both
191.582679,175,Both
274.336581,175,Both
189.87732,175,Both
274.719171,175,Both
190.680699,175,Both
272.969983,175,Both
191.49089,175,Both
358.702161,256,Both
232.512157,256,Both
358.702716,256,Both
232.164174,256,Both
438.489198,268,Both
296.332198,268,Both
305.2799194,268,Both
212.9527037,268,Both
330.17471,268,Both
223.340966,268,Both
416.377238,305,Both
274.557855,305,Both
264.927722,148,Both
186.535381,148,Both
207.515288,148,Both
304.2602215,148,Both
229.15252,148,Both
183.815048,148,Both
222.87979670000001,154,Car
207.6336408,154,Car
163.9900708,154,Car
161.06988809999999,154,Car
249.8110679,154,Car
204.0613311,154,Car
233.999381,154,Car
163.0416422,154,Car
229.9453526,154,Car
153.7546886,154,Car
207.0008178,154,Car
218.5061744,154,Car
159.5902289,154,Car
233.9752834,154,Car
161.6669428,154,Car
337.2546768,268,Car
205.2658403,268,Car
335.6663014,268,Car
200.5143063,268,Car
199.680422,268,Car
333.8826326,268,Car
333.8666163,268,Car
199.8027067,268,Car
450.3556386,306,Car
357.6975722,306,Car
341.6380123,306,Car
441.8031814,306,Car
369.1685158,306,Car
227.3875218,306,Car
360.5466625,306,Car
337.3551852,306,Car
446.6633264,306,Car
226.7580584,306,Car
444.3834207,306,Car
357.5893276,306,Car
334.918967,306,Car
227.3380305,306,Car
244.155431,306,Car
362.118264,306,Car
376.883887,306,Car
365.0995443,306,Car
243.9634281,306,Car
375.1122492,306,Car
361.3909655,306,Car
244.7974278,306,Car
377.3128842,306,Car
454.5140022,306,Car
449.577224,306,Car
453.6662666,306,Car
446.5117993,306,Car
455.8083183,306,Car
451.8759975,306,Car
300.30772,286,Car
293.76457,286,Car
271.9626487,286,Car
199.5633167,286,Car
221.4555253,286,Car
269.6515343,286,Car
295.3992463,286,Car
292.2064701,286,Car
218.219106,286,Car
198.2589483,286,Car
279.9434888,286,Car
318.0338112,286,Car
297.4143893,286,Car
231.3758624,286,Car
203.39544,286,Car
315.1462204,301,Truck
470.5790611,301,Truck
209.2162214,204,Car
328.1403183,204,Car
330.1986264,204,Car
210.3634409,204,Car
205.1378337,204,Car
328.3615522,204,Car
232.141214,204,Car
349.5070434,204,Car
348.4347436,204,Car
232.0977479,204,Car
347.7014157,204,Car
350.2096168,204,Car
231.5588206,204,Car
327.5932197,204,Car
205.7987209,204,Car
457.4575183,306,Car
381.0934176,306,Car
381.0233325,306,Car
257.5865546,306,Car
464.3283502,306,Car
382.8041722,306,Car
254.6485244,306,Car
373.6050199,306,Car
379.6131476,306,Car
254.4467122,306,Car
373.2932194,306,Car
367.6041009,306,Car
247.0556177,306,Car
373.1968112,306,Car
368.3862307,306,Car
245.2055908,306,Car
371.7630912,306,Car
248.1834234,306,Car
369.3355336,306,Car
369.8454643,306,Car
235.1906137,306,Car
364.4222017,306,Car
234.2250862,306,Car
363.698665,306,Car
474.7375918,389,Car
474.7375918,389,Car
403.2814354,389,Car
403.2814354,389,Car
404.6156553,389,Car
404.6156553,389,Car
421.8792065,389,Car
421.8792065,389,Car
444.8623519,389,Car
444.8623519,389,Car
365.419759,383,Truck
569.1408499,383,Truck
591.792142,383,Truck
380.5613673,383,Truck
585.6735009,383,Truck
376.1819116,383,Truck
312.0911244,235,Truck
223.5632005,235,Truck
308.8945975,235,Truck
223.1791291,235,Truck
222.9851642,235,Truck
311.6661502,235,Truck
305.297214,235,Truck
216.5207023,235,Truck
305.6472217,235,Truck
219.6258546,235,Truck
219.5583503,235,Truck
309.6851886,235,Truck
225.4821693,235,Truck
314.6308531,235,Truck
315.4034913,235,Truck
225.955555,235,Truck
225.0659159,235,Truck
314.2814743,235,Truck
307.5248045,235,Truck
219.9037926,235,Truck
305.685047,235,Truck
218.8985734,235,Truck
217.1965938,235,Truck
307.7343384,235,Truck
248.203026,235,Truck
327.7916749,235,Truck
319.6166816,235,Truck
231.3132781,235,Truck
230.4571731,235,Truck
315.371684,235,Truck
242.5049756,235,Truck
320.8204425,235,Truck
315.7478533,235,Truck
232.1836458,235,Truck
316.200491,235,Truck
231.5337491,235,Truck
208.7136152,112,Truck
194.3704846,112,Truck
207.4558234,112,Truck
194.8886372,112,Truck
192.1302555,112,Truck
203.9969979,112,Truck
200.6978762,112,Truck
186.2487629,112,Truck
209.5908616,112,Truck
200.0404653,112,Truck
200.3295277,112,Truck
215.6322404,112,Truck
209.4102514,112,Truck
203.0984779,112,Truck
196.527687,112,Truck
210.1926328,112,Truck
204.8862389,112,Truck
200.6846045,112,Truck
207.5409845,112,Truck
199.6145945,112,Truck
207.371443,112,Truck
195.6481706,112,Truck
202.2642237,112,Truck
425.9731312,467,Car
254.0324619,467,Car
370.5714577,467,Car
504.2435756,467,Car
515.8309228,467,Car
388.3262057,270,Truck
255.1497705,270,Truck
254.6989014,270,Truck
385.547168,270,Truck
262.5109038,270,Truck
392.003409,270,Truck
266.0268553,270,Truck
406.7382545,270,Truck
384.0578935,270,Truck
247.2431216,270,Truck
215.3292345,245,Truck
228.5139217,245,Truck
212.3015037,245,Truck
224.3584132,245,Truck
217.1822011,245,Truck
228.1586499,245,Truck
240.640399,245,Truck
228.9290923,245,Truck
218.7850873,245,Truck
228.1134174,245,Truck
221.2216137,245,Truck
228.0741092,245,Truck
229.2161468,94,Car
238.6598324,94,Car
250.4392063,94,Car
182.1033485,94,Car
148.9271432,94,Car
199.7433482,179,Car
298.0790531,179,Car
301.0342168,179,Car
201.51584,179,Car
305.0087983,179,Car
207.9455038,179,Car
203.6412523,179,Car
297.6336629,179,Car
419.5139867,270,Truck
287.6307144,270,Truck
284.1626387,270,Truck
410.3566328,270,Truck
298.4722884,270,Truck
301.1149173,270,Truck
427.9323209,270,Truck
297.6840424,270,Truck
423.9784539,270,Truck
276.8714861,178,Car
177.1747948,178,Car
326.8024888,268,Car
204.7727128,268,Car
156.5325481,154,Car
150.1595141,154,Car
152.4829095,154,Car
157.5352583,154,Car
157.2902683,154,Car
160.9587876,154,Car
163.1150243,154,Car
163.5234072,154,Car
160.5298184,154,Car
161.7857551,154,Car
157.5538163,154,Car
153.2413782,154,Car
250.3427994,132,Car
170.5522079,132,Car
246.194405,132,Car
170.949445,132,Car
235.2674765,132,Car
161.0592201,132,Car
169.7427528,132,Car
237.08629,132,Car
160.9283447,132,Car
228.4529608,132,Car
165.4548297,132,Car
237.5176731,132,Car
219.3207439,140,Car
156.0738786,140,Car
225.6806788,140,Car
151.049699,140,Car
221.2463147,140,Car
148.5198941,140,Car
224.4844734,140,Car
159.1790739,140,Car
157.3190604,140,Car
388.8461536,185,Truck
228.0797699,185,Truck
343.5914663,185,Truck
252.4895231,270,Truck
375.0060008,270,Truck
391.9383457,270,Truck
265.1114073,270,Truck
301.1286992,245,Truck
228.6757095,245,Truck
330.4280528,245,Truck
374.830263,245,Truck
228.9244194,245,Truck
341.6673586,245,Truck
297.6799338,245,Truck
341.6118825,245,Truck
276.4122688,245,Truck
227.360127,245,Truck
229.5593779,245,Truck
342.3769376,245,Truck
286.129681,245,Truck
336.7678694,245,Truck
229.4927334,245,Truck
229.5785282,245,Truck
290.0017833,245,Truck
225.7091997,245,Truck
336.2449833,245,Truck
342.2531992,245,Truck
231.0424187,245,Truck
226.4794635,245,Truck
318.1827732,245,Truck
334.7556791,245,Truck
288.6479894,245,Truck
226.9724329,245,Truck
362.4384054,381,Truck
551.6343522,381,Truck
546.0003696,381,Truck
358.7476822,381,Truck
130.8100637,98,Car
128.6861186,98,Car
130.0496473,98,Car
134.0886982,98,Car
130.1227932,98,Car
133.1376316,98,Car
122.8989144,98,Car
125.7411575,98,Car
121.8403342,98,Car
126.8913116,98,Car
121.938424,98,Car
127.1332557,98,Car
180.1866934,82,Car
161.5399364,82,Car
216.8729752,82,Car
140.4235207,82,Car
135.2641642,82,Car
161.178781,82,Car
183.5887652,82,Car
195.5228137,82,Car
132.9247938,82,Car
124.2234292,82,Car
176.3921595,82,Car
151.9797156,82,Car
209.3795917,82,Car
128.8904908,82,Car
130.6068412,82,Car
173.5790302,82,Car
148.8848493,82,Car
186.3185698,82,Car
123.567393,82,Car
117.8270844,82,Car
180.7904938,98,Car
124.5113745,98,Car
192.4553382,98,Car
128.1080271,98,Car
185.3097503,98,Car
178.3447553,98,Car
167.0471307,98,Car
166.81201,98,Car
130.8641573,98,Car
126.4968349,98,Car
187.4788977,98,Car
187.0234522,98,Car
167.2872239,98,Car
121.7013991,98,Car
128.2509624,98,Car
148.3199728,98,Car
157.9166662,98,Car
158.466464,98,Car
149.1677595,98,Car
148.9344939,98,Car
158.8428401,98,Car
143.9604026,98,Car
151.3337471,98,Car
156.2051586,98,Car
152.3818514,98,Car
146.7277363,98,Car
151.5842487,98,Car
146.4749212,98,Car
293.4932214,176,Truck
202.6738213,176,Truck
218.0924634,176,Truck
309.1145429,176,Truck
214.4620557,176,Truck
308.8751898,176,Truck
315.5786047,176,Truck
220.9918903,176,Truck
550.6731501,381,Truck
360.2279643,381,Truck
374.2080431,381,Truck
563.9616548,381,Truck
372.9322762,381,Truck
570.9815495,381,Truck
566.5345276,381,Truck
369.9306934,381,Truck
545.7767355,381,Truck
353.5823587,381,Truck
560.5876212,381,Truck
367.3482955,381,Truck
535.2212691,381,Truck
347.0574228,381,Truck
255.0882384,266,Truck
390.839085,266,Truck
256.8443572,266,Truck
386.4440785,266,Truck
273.4205755,266,Truck
430.2261923,266,Truck
428.3006323,236,Truck
309.4190335,236,Truck
418.1035893,236,Truck
298.0902581,236,Truck
410.2459266,236,Truck
296.144416,236,Truck
435.5640136,236,Truck
305.9304139,236,Truck
247.9721758,159,Truck
365.1587192,159,Truck
393.1034376,159,Truck
378.9298571,159,Truck
240.9574472,159,Truck
333.8859737,159,Truck
309.4667811,236,Truck
446.8040592,236,Truck
341.7516556,236,Truck
464.3173754,236,Truck
324.8807891,236,Truck
451.8744676,236,Truck
283.0500631,159,Truck
392.2540822,159,Truck
448.3155279,159,Truck
286.288428,159,Truck
447.9154548,159,Truck
380.9535338,159,Truck
524.5673731,381,Truck
350.0282956,381,Truck
336.2534306,310,Truck
482.800185,310,Truck
335.6415779,310,Truck
480.8360319,310,Truck
560.4281712,381,Truck
385.1262576,381,Truck
384.8121182,381,Truck
556.5503131,381,Truck
404.3867603,381,Truck
538.6599919,381,Truck
376.3958523,381,Truck
353.6164171,310,Truck
511.0525462,310,Truck
346.3087181,310,Truck
510.8076097,310,Truck
558.6622895,381,Truck
548.7518885,381,Truck
364.1309207,381,Truck
546.0561102,381,Truck
354.0586481,381,Truck
522.8810617,381,Truck
361.9833432,381,Truck
532.6889327,381,Truck
349.1894346,381,Truck
512.903377,381,Truck
541.0865118,381,Truck
374.2102674,268,Truck
244.0512138,268,Truck
346.2512591,181,Truck
222.5458783,181,Truck
375.018269,181,Truck
252.2302394,268,Truck
384.3661546,268,Truck
370.9030359,181,Truck
220.9986816,181,Truck
339.8341974,181,Truck
175.8659619,106,Car
175.0186133,106,Car
223.6061942,106,Car
222.2331111,106,Car
169.0826248,106,Car
166.0793413,106,Car
221.1217613,106,Car
363,208,Car
219,208,Car
415,208,Car
305.9465162,208,Car
314.2450592,208,Car
306,208,Car
209,208,Car
321,208,Car
380,208,Car
335,208,Car
304,210,Car
202,210,Car
295,210,Car
389,210,Car
345,210,Car
208,208,Car
305,208,Car
390,208,Car
368,208,Car
323,208,Car
319,208,Car
306,208,Car
393,208,Car
341,208,Car
200,208,Car
209,208,Car
356,208,Car
365,208,Car
324,208,Car
308,208,Car
204,208,Car
306,208,Car
412,208,Car
359,208,Car
320,208,Car
219,208,Car
327,208,Car
410,208,Car
314,208,Car
370,208,Car
308,208,Car
216,208,Car
318,208,Car
343,208,Car
339,208,Car
396,210,Car
200,210,Car
299,210,Car
347,210,Car
300,210,Car
291,170,Car
191,170,Car
290,170,Car
192,170,Car
307,200,Car
391,200,Car
367,200,Car
328,200,Car
210,200,Car
314,200,Car
432,200,Car
358,200,Car
321,200,Car
213,200,Car
359,210,Car
293,210,Car
382,210,Car
315,210,Car
197,210,Car
353,210,Car
317,210,Car
287,210,Car
412,210,Car
199,210,Car
277,170,Car
192,170,Car
286,170,Car
195,170,Car
283,115,Car
296,115,Car
333,115,Car
155,150,Car
205,150,Car
136.3984078,150,Car
386,280,Car
429,280,Car
372,280,Car
238,280,Car
341,280,Car
304,200,Car
382,200,Car
376,200,Car
326,200,Car
204,200,Car
344,200,Car
307,200,Car
410,200,Car
375,200,Car
198,200,Car
291,170,Car
193,170,Car
280,170,Car
191,170,Car
348,200,Both
298,200,Both
428,200,Both
421,200,Both
206,200,Both
356,200,Both
261,200,Both
337,200,Both
238,200,Both
237,200,Both
335,200,Both
348,200,Both
258,200,Both
416,280,Truck
281,280,Truck
266.6770044,333,Truck
354.2776278,333,Truck
336,170,Car
354,170,Car
280,170,Car
289,170,Car
188,170,Car
352,170,Car
334,170,Car
300.0390675,170,Car
191.2708901,170,Car
309.3649189,170,Car
355,220,Car
306,220,Car
350,220,Car
305,220,Car
200,220,Car
344,220,Car
295,220,Car
342,220,Car
294,220,Car
198,220,Car
327,220,Both
210,220,Both
315,220,Both
200,220,Both
335,220,Both
216,220,Both
324,220,Both
205,220,Both
331,220,Both
226,220,Both
320,220,Both
214,220,Both
430,333,Car
445,333,Car
361,333,Car
443,333,Car
348,333,Car
391.6758626,333,Car
225.1236713,333,Car
359.3671679,333,Car
342,435,Car
441,435,Car
353,435,Car
467,435,Car
408,435,Car
384,435,Car
226,435,Car
330,435,Car
432,435,Car
466,435,Car
329,435,Car
224,435,Car
384,435,Car
398,435,Car
446,500,Car
531,500,Car
629,500,Car
515,500,Car
310,500,Car
448,200,Car
394,200,Car
357,200,Car
230,200,Car
343,200,Car
222.82523,200,Car
356.7220364,200,Car
357.5963115,200,Car
349,292,Car
358,292,Car
214,292,Car
308,292,Car
311,292,Car
314,292,Car
217,292,Car
311,292,Car
340,292,Car
363,292,Car
462,520,Car
368,520,Car
518,520,Car
243,520,Car
444,520,Car
415,354,Both
496,354,Both
460,354,Both
427,354,Both
269,354,Both
542,572,Car
435,572,Car
567,572,Car
651,572,Car
276,572,Car
346,610,Car
445,610,Car
524,610,Car
541,610,Car
596,610,Car
261,150,Car
261,150,Car
261,150,Car
163,150,Car
163,150,Car
163,150,Car
263,150,Car
263,150,Car
263,150,Car
178,150,Car
178,150,Car
178,150,Car
254,150,Car
254,150,Car
254,150,Car
176,150,Car
176,150,Car
176,150,Car
174.5461889,170,Car
273.7590824,170,Car
270,170,Car
179,170,Car
272,170,Car
169,170,Car
279,170,Car
175,170,Car
253,150,Car
253,150,Car
253,150,Car
155,150,Car
155,150,Car
155,150,Car
157.7111778,150,Car
157.7111778,150,Car
157.7111778,150,Car
254.8572328,150,Car
254.8572328,150,Car
254.8572328,150,Car
253,150,Car
253,150,Car
253,150,Car
164,150,Car
164,150,Car
164,150,Car
245,150,Car
245,150,Car
245,150,Car
166,150,Car
166,150,Car
166,150,Car
245.8971809,150,Car
245.8971809,150,Car
245.8971809,150,Car
158.6655749,150,Car
158.6655749,150,Car
158.6655749,150,Car
256,150,Car
256,150,Car
256,150,Car
180,150,Car
180,150,Car
180,150,Car
253,150,Car
253,150,Car
253,150,Car
176,150,Car
176,150,Car
176,150,Car
248,150,Car
248,150,Car
248,150,Car
170,150,Car
170,150,Car
170,150,Car
290,211,Car
339,211,Car
340,211,Car
288,211,Car
195,211,Car
272,211,Car
327,211,Car
333,211,Car
294,211,Car
191,211,Car
262.9618206,150,Car
262.9618206,150,Car
262.9618206,150,Car
169.9657585,150,Car
169.9657585,150,Car
169.9657585,150,Car
302,115,Car
179,115,Car
187.8682592,115,Car
310.4564248,115,Car
269,170,Car
168,170,Car
272,170,Car
168,170,Car
274,170,Car
169,170,Car
270,170,Car
168,170,Car
284,170,Car
176,170,Car
286,170,Car
178,170,Car
283,170,Car
176,170,Car
283,170,Car
174,170,Car
251,150,Car
251,150,Car
251,150,Car
164,150,Car
164,150,Car
164,150,Car
166,240,Car
265,240,Car
290.1486048,240,Car
176.2757206,240,Car
373,300,Both
233,300,Both
338,300,Both
434,300,Both
424,300,Both
295,302,Car
182,302,Car
294,302,Car
181,302,Car
406,250,Both
341,250,Both
424,250,Both
348,250,Both
227,250,Both
379,345,Both
348,345,Both
237,345,Both
451,345,Both
455,345,Both
380,240,Both
380,240,Both
473,240,Both
473,240,Both
454,240,Both
454,240,Both
390,240,Both
390,240,Both
251,240,Both
251,240,Both
401,230,Both
373,230,Both
467,230,Both
441,230,Both
257,230,Both
440,250,Both
441,250,Both
388.6254796,250,Both
248.0820334,250,Both
380.1797662,250,Both
290,240,Car
204,240,Car
405,300,Both
270,300,Both
398,300,Both
466,300,Both
472,300,Both
321,302,Car
208,302,Car
320,302,Car
209,302,Car
380,240,Both
380,240,Both
358,240,Both
358,240,Both
490,240,Both
490,240,Both
466,240,Both
466,240,Both
247,240,Both
247,240,Both
389,230,Both
253,230,Both
368,230,Both
465,230,Both
445,230,Both
371,300,Both
466,300,Both
468,300,Both
248,300,Both
385,300,Both
